,logSum
4335,5.892171753548842
2372,5.700193329330622
2388,4.471527912414314
2830,6.009666147263548
182,6.082577428742756
4863,6.055923688816249
4445,6.055923688816249
1680,5.359463418533344
2500,5.237245785809096
232,5.040318076625778
2199,5.775200076963339
3868,4.664101397643846
712,5.032678620067821
1010,4.634852968517614
3171,4.862552336367684
2460,5.542890558635048
4415,6.113755647671406
3312,5.300220584970483
4273,6.297203867495663
4907,6.366225611093601
753,5.852431424899328
2222,6.281489881993711
1895,5.787532478455999
816,5.859836372905906
410,4.730578172191768
335,4.898270418969764
284,4.858909345089183
2507,5.122115478555464
5022,6.234194420700704
4686,6.552312637640617
1885,5.957521633757293
4711,5.001523452288025
3603,5.837454970709771
301,5.122115478555464
1973,6.085792865596731
2140,5.2655902588182375
1676,4.7632341351658205
4225,6.469806046986943
4602,6.282808853387389
4010,5.220862306558571
1618,5.541969324115728
2670,4.880570841870362
3742,5.4226874699392935
2035,4.9545512548683535
909,6.940856868260445
3390,5.028066774845257
1329,6.230034488655975
4854,6.170393634749673
117,6.088464520939535
2246,6.558001125457831
4564,5.240988772087929
4274,6.283248124204907
4452,6.273095752740889
2655,6.806382401469669
2217,6.998975508585454
2322,5.174039709905302
2438,5.264374453197347
5089,6.418972981187711
4087,6.006195929784541
5314,5.673078430533655
3398,6.897376812558713
2044,4.858909345089183
1492,5.8671868904652476
4704,5.001523452288025
1369,5.1360432802999325
4176,5.961164625035794
2508,5.389966872826759
4239,5.258273153001171
3685,6.775187696538126
386,5.341605801133338
990,5.682732568266745
4914,5.873822614880646
53,6.021717943062402
2991,6.779474948549745
1661,6.371868512000238
4523,4.447036892406018
4600,5.738021073721584
70,5.591417599529708
4548,4.812215522206091
4731,6.248392048695929
2019,4.709613043726723
2731,6.684752831096975
17,5.692294394106087
798,5.906356388540799
450,5.122115478555464
4165,6.874542026371592
4505,4.922535040969395
4805,5.001523452288025
5172,5.044873893161639
2145,4.634852968517614
5090,4.833029897101363
3929,4.614090977069185
1950,5.195120859508424
1103,6.052610599093289
3221,5.197725027646812
1070,5.754550375672795
1018,5.27766770030801
4488,5.977991945168319
1785,6.05867623665929
175,4.887688309639227
85,5.98984042501246
754,5.040318076625778
1981,4.648458620573392
2977,6.471990248801784
3080,5.233488736931383
5240,5.382427795653593
2838,6.749346465354238
2090,5.964190345952331
3692,5.124916600835175
4969,5.859836372905906
5100,4.892993361868919
1651,6.371868512000238
128,5.9569131761784355
4852,5.116489584673295
4314,6.407791064022512
4750,5.197725027646812
4553,5.123517020480752
3197,5.26680458805064
322,5.628442922119555
2953,4.957862516172009
1746,5.814561150843919
591,5.829881784772652
4279,5.3314189558263445
3553,4.931060241792754
4099,5.86318421667559
1658,5.6010204668630506
1544,5.082052896403393
3593,5.282458128630643
744,5.50153128045448
165,5.187267416002854
3015,5.280065782992023
4590,6.771421213742649
1304,5.888268040068369
937,5.522424728042758
5373,5.892171753548842
1988,6.206603238619943
3266,4.317825160926012
898,5.122115478555464
993,6.373876141664725
4786,6.248392048695929
3032,5.0031044802853435
3527,6.332937146049541
2408,5.258273153001171
2359,4.858909345089183
3661,5.571035857210369
4289,5.116489584673295
3644,6.682398503935339
5134,5.637698352093715
171,5.389966872826759
587,5.43609664455426
3407,5.382427795653593
3905,5.892171753548842
3139,4.975881021674687
3004,5.0031044802853435
1117,6.729025654774963
3662,5.571035857210369
4113,6.248846697487575
1142,6.351567368182384
3649,5.394249534618759
965,5.296693244452515
5146,5.565649847780797
719,5.43609664455426
2395,5.195120859508424
1396,4.503276610728895
1302,4.611757253722964
3673,4.957862516172009
1748,4.796800958804904
2933,5.6690282022346326
4503,4.974256325947685
2812,6.055923688816249
2787,6.1095846301540675
2296,5.9569131761784355
123,5.775200076963339
1107,5.127709898740788
4187,5.102284800374978
4312,5.627597256107212
2813,5.233488736931383
1267,6.307972870987669
5113,5.67469393977031
1693,5.1360432802999325
975,5.926635917491328
1772,5.957521633757293
4264,5.043357592643675
2607,4.887688309639227
2538,5.073255185699864
4138,6.248846697487575
2736,5.552968518416398
2378,5.195120859508424
3326,6.471990248801784
2503,4.683860547624309
4428,5.117899028176529
3676,5.926635917491328
650,4.97262898628831
1567,6.919236890924904
4758,5.575502144223809
1983,4.908741718837059
3321,4.482223201531062
4958,5.493824113209542
2319,5.646868904065923
725,6.650364631805387
391,5.317673034921709
151,4.696819692266813
108,5.474292242292297
1886,6.393340509890567
5144,5.240988772087929
2376,4.634852968517614
2318,5.222132147999047
3460,5.31997718340656
5232,5.840878459161292
2658,5.693087101242326
1850,6.899987470265506
3810,6.393340509890567
558,5.024980352642069
1760,5.500571126756136
929,5.151143086755683
5323,4.957862516172009
709,5.446290412743803
200,5.93039296636904
2488,6.4398426439550995
5265,5.351689920199964
4609,6.154036392724901
1986,4.817935270878878
2730,4.858909345089183
2130,5.129103627189392
1076,6.064705303976634
1268,6.335858074477205
3371,4.9017730495209655
3980,6.3866303998506275
2517,5.623358165401444
870,5.91971111802218
238,4.4579959061957375
2352,4.9545512548683535
520,6.08204051597818
381,6.782944857276188
1457,5.3280001490775595
814,4.858909345089183
402,5.527112969166213
853,5.064379387785896
800,6.295903758970172
3459,7.001762518643275
740,6.310540266492914
1403,5.775200076963339
1934,4.490170263223594
290,5.691501058086692
1873,5.990429179813099
3010,5.738021073721584
4871,5.3314189558263445
372,6.384648238646637
4330,5.175370382091008
4637,5.248432975199659
524,5.691501058086692
1877,5.5158240440114055
2410,5.957521633757293
4934,6.248392048695929
4376,6.501372512954778
4691,5.253365167688978
2343,5.6242074223527
2446,5.767138472292311
443,5.934135952647875
3506,5.30723815762913
3700,5.8671868904652476
5087,5.4226874699392935
2470,5.3280001490775595
5367,5.926635917491328
396,4.528984967439102
3856,4.7117294466331
3717,5.369369938736136
2922,5.646038684009934
1769,6.931943542194019
3270,5.280065782992023
727,5.855804109377968
2921,4.639408785053474
447,5.734226002753033
2218,5.377007728184254
5039,6.236498038397597
5077,6.853411018992622
1708,5.888268040068369
5162,6.353616129398908
1226,5.3280001490775595
2630,5.113664724037741
3153,5.961164625035794
552,5.446290412743803
4722,5.809636765233241
2976,4.639408785053474
1610,4.808384099894535
2698,5.942198011818803
312,5.446290412743803
2419,5.383508292787347
1372,5.229717519388303
646,4.858909345089183
5034,5.124916600835175
1377,5.219590850570374
2422,5.628442922119555
1843,5.750817635243111
2579,5.806811904597685
3532,5.1925098919677035
4057,6.137915136780293
2348,5.316518966703603
4232,5.043357592643675
4098,5.960558380700767
2694,6.121529721548163
1809,6.67203264775346
207,6.468347257523283
2458,4.672931477092118
114,6.244747397736634
40,5.576393012879611
4153,6.210389329276032
1548,6.105920663741586
2448,4.934450075547266
2484,6.0125488243822724
435,6.150532008662951
1640,5.957521633757293
3858,5.924123353355445
4275,5.4821508289048175
3315,6.129243825114205
3313,5.7708108965445755
1696,5.957521633757293
3589,6.057025617302406
3922,5.4976851218670015
4101,5.599281335989923
2123,6.1455043459859855
4630,4.842349629050164
4627,6.025703146173365
1513,4.980739330825764
5103,5.86318421667559
2487,5.264374453197347
4409,5.902507762879504
903,6.145000186660964
4659,6.405461870422911
4800,6.990134480648156
4346,5.738021073721584
1085,5.692294394106087
2975,6.321167359067201
1477,6.067978629321604
4242,4.9122079268135455
2261,5.353917092612788
2877,5.168699243273985
143,5.122115478555464
2146,4.59763937217718
4227,5.10941241429921
3044,6.009666147263548
306,6.111672313584551
4781,5.161983301308548
576,5.775929737703482
2871,6.055923688816249
2326,4.34869180890654
4718,6.170885156017863
488,5.195120859508424
5214,5.044873893161639
3389,4.639408785053474
2282,6.401957876181728
333,5.691501058086692
2758,6.129243825114205
239,5.329141050513351
1427,5.122115478555464
2591,4.857082860563149
3507,5.275263852996616
3988,5.3314189558263445
2932,5.859165457080673
193,5.852431424899328
3860,6.786933693837422
5330,5.504406222540079
1233,4.583319318402431
2900,5.716580742483715
3214,5.88107141103633
3914,5.628442922119555
2754,5.124916600835175
1128,6.022288231073296
4102,4.9122079268135455
1320,6.395698074833222
1713,5.223400378987042
321,5.638535522506778
1975,5.129103627189392
2067,5.27766770030801
390,5.2309761727955
4305,4.853419852804412
2948,5.450339001269803
404,6.209444149621546
1857,5.462387339785978
1278,5.5214844364831155
1368,5.734226002753033
4451,6.611594075910585
2312,4.9545512548683535
3169,5.220862306558571
4698,5.733465257185723
3467,5.333691684077348
4095,5.477246454189728
608,5.888268040068369
1456,4.878783531296267
1702,4.755169575329091
3776,5.084968350363517
2706,4.991984429241266
989,6.4996054158347585
610,5.065864169053475
4577,5.2680174444758485
269,5.468357506772482
4121,6.292863582904349
2861,6.009666147263548
1153,4.858909345089183
684,5.2655902588182375
25,4.755169575329091
4831,6.0188616143566485
1413,6.082577428742756
3992,6.471626546306413
2815,5.2680174444758485
5035,6.254286420783393
2535,5.646868904065923
2625,4.880570841870362
4644,5.001523452288025
4895,6.972655337805132
982,5.596666955415852
2804,4.7791707274286335
3789,5.0031044802853435
1463,6.091129057554633
4358,5.555699516927629
4528,5.53549680961011
412,5.646868904065923
2063,6.4643245788495065
491,4.730578172191768
1441,4.753143232183858
3823,4.862552336367684
4810,5.001523452288025
4992,6.056474804840119
2548,6.244747397736634
962,5.591417599529708
4716,6.157030406937506
3489,5.944665625655759
2037,6.053163543536463
2853,4.812215522206091
73,5.734226002753033
5044,4.639408785053474
2334,5.122115478555464
416,6.618527605105442
2979,5.974409851785815
2604,5.852431424899328
1863,6.105396142355315
229,5.174039709905302
3123,5.778115530923462
881,4.998353877526746
4152,6.199942890497406
2886,5.133273195426117
2499,5.157931979089369
3694,6.888065536021965
733,6.139437593303748
1378,5.064379387785896
5024,4.9017730495209655
3979,5.983933733297071
3642,6.838147367220909
5217,5.993954447858785
5108,6.138422879873202
2851,5.6551334139158165
5243,5.798289125735703
5274,5.927263073360113
4694,5.001523452288025
3811,6.162991676454005
4628,4.957862516172009
1709,5.44120651770653
2432,6.301094082040865
403,5.195120859508424
1699,6.028540027508565
763,5.5158240440114055
317,5.973811586736561
2132,4.503276610728895
2993,5.754550375672795
3252,5.609671039839059
726,5.015663515061838
2148,5.122115478555464
3884,5.199024572988897
1866,6.810279016349395
1714,5.646868904065923
5082,6.36460748776319
927,5.902507762879504
140,5.359463418533344
3446,5.043357592643675
2268,6.4375870039009815
4291,6.366225611093601
1285,6.395698074833222
5279,6.3666297331439585
2943,5.197725027646812
4067,5.503448826583751
3215,6.10119003731104
4080,5.4673649508597295
3815,5.333691684077348
3573,5.362776508256304
806,4.9545512548683535
2761,5.0031044802853435
1086,4.878783531296267
139,5.296693244452515
5053,6.218387490002867
523,6.650364631805387
862,4.998353877526746
4818,5.107990949951833
2724,5.123517020480752
293,5.264374453197347
1742,4.858909345089183
2274,4.936140693025173
4411,5.2943347527932225
2913,6.351157111766374
2471,5.3280001490775595
5293,4.384516535424685
702,5.310728562568898
66,5.682732568266745
4022,6.083114053386704
364,5.924123353355445
1604,5.552056525649128
2381,4.917384814993079
2910,5.8483691308904495
636,5.990429179813099
38,4.279481805728365
4911,5.690707092185515
4079,5.053923728681557
4294,4.447036892406018
4252,5.798289125735703
5282,5.6044896810970615
687,5.00783262148129
2094,6.507357392639076
3076,6.129243825114205
527,4.898270418969764
1821,5.829190460859878
1209,6.7148651236223476
4025,5.778115530923462
2111,6.224460856019949
1172,5.07472685631132
2711,5.330280651776285
383,5.990429179813099
5160,6.034752981693283
2856,4.957862516172009
3982,6.430789394644492
4216,5.131885270151269
1356,5.195120859508424
3062,5.708030360037902
1197,6.59758110775889
1949,6.462490725410571
1346,5.692294394106087
3568,5.5566081948638475
2987,5.691501058086692
1281,5.353917092612788
2464,6.154036392724901
1461,4.755169575329091
5351,5.910190259051521
1600,5.531779333209978
2147,5.734226002753033
2098,5.957521633757293
1462,4.804537941307056
115,6.2197923134603155
276,6.188903661520541
1291,5.937244441318143
2682,4.755169575329091
3242,6.162496259054722
2654,6.3420886242278405
2193,5.852431424899328
3397,5.326857944498782
5175,5.818063781395121
4453,6.350746686970956
2992,6.718566195462753
2564,5.2157667541319706
1325,5.157931979089369
2181,5.79471641739813
695,6.560001126124498
2339,6.172358271923838
4168,6.318203139238483
5143,4.860732499650698
2258,5.152504557354004
4736,6.650668814317238
738,6.22725155550553
4864,5.009403713713331
3687,5.155221950330504
4522,5.369369938736136
1664,4.97262898628831
1322,5.65183580169426
1894,6.271319553339634
4321,5.892171753548842
1440,6.1475184453576865
3726,5.314206826945223
2106,4.970998994077379
2565,5.257048413105275
1761,6.42088832366178
2445,6.4398426439550995
324,5.237245785809096
1017,5.122115478555464
2809,5.651009696731954
1165,4.787044783859539
1495,5.195120859508424
1166,4.755169575329091
3849,5.708810695621783
4327,5.504406222540079
487,4.503276610728895
4809,5.001523452288025
98,6.139437593303748
2554,5.041838989466485
1000,6.607791789960847
2843,5.461388837456388
1253,5.353917092612788
369,5.7627136863119555
3720,5.8671868904652476
597,4.696819692266813
4120,4.482223201531062
273,5.389966872826759
3099,5.161983301308548
3231,6.129243825114205
493,4.840492618302952
1792,5.129103627189392
5197,6.1095846301540675
1691,6.2197923134603155
4220,5.028066774845257
2023,6.667257944561266
461,5.686727779334034
2477,5.389966872826759
5145,5.954475636884998
1392,6.046507944924727
3118,5.3314189558263445
172,5.754550375672795
5106,6.697022923688789
935,5.122115478555464
756,5.015663515061838
2396,6.2197923134603155
3551,5.677917149651879
466,5.296693244452515
4382,4.757191820709858
5132,6.295470013571917
4068,6.115315304863052
3125,5.960558380700767
531,5.195120859508424
1095,5.560234672093021
3581,6.071784015810991
1653,5.983341140687136
4071,6.1090620275814205
700,5.6010204668630506
2223,5.888919718162465
3132,5.4226874699392935
2764,6.055923688816249
818,4.503276610728895
979,5.113664724037741
3346,5.031143700349737
708,5.2309761727955
3784,5.818063781395121
1402,6.1937183073160815
2277,4.742949463994314
2079,5.43609664455426
5249,5.07619636429068
5025,5.571035857210369
3130,4.7791707274286335
1408,4.962808940107335
4611,6.812092253473576
2119,5.353917092612788
2685,5.496721266370695
5051,5.738778362663493
634,6.385044985329087
3932,5.393180587429855
4471,5.107990949951833
4097,5.651009696731954
2263,5.646868904065923
2547,5.024980352642069
504,4.755169575329091
2618,5.576393012879611
328,5.167359658344928
5194,4.842349629050164
1280,4.9545512548683535
4269,5.503448826583751
1300,5.366078657652063
4088,5.9933677655304285
1083,4.490170263223594
1203,6.161504687332427
4296,4.734718964857799
4953,5.699406237593805
930,5.67469393977031
728,6.860340024690681
4635,5.001523452288025
752,5.814561150843919
4688,6.370661996671897
3107,6.4269928828710485
670,4.659656945883422
760,6.362986741865457
2826,5.754550375672795
4352,5.301393605632847
3403,6.340016084625868
3411,5.840194698450891
356,5.032678620067821
5000,5.632660558063758
4351,5.902507762879504
465,5.5167696705594125
2640,6.030803752300953
949,6.448070065084133
1245,4.516213401759614
1613,5.195120859508424
1545,5.5817216222908295
5102,4.73265071179374
5059,5.79471641739813
2810,5.961164625035794
4666,5.001523452288025
2873,5.225932025908822
3472,5.8551304818684935
1235,5.957521633757293
3424,6.056474804840119
2551,5.500571126756136
4857,5.3314189558263445
291,6.427373183312978
1621,5.366078657652063
1752,6.910362474906378
3110,5.579948572180944
3210,5.416437449594122
3671,5.2680174444758485
5156,6.068523143356293
2556,5.024980352642069
2101,5.122115478555464
2221,5.552056525649128
4921,4.882354963663864
1645,6.037564341430829
2122,6.636579760436789
2689,6.007932543824458
1111,5.940343297222208
957,5.920342630515539
4100,5.9933677655304285
721,5.629287873585119
4050,5.433018140327173
864,4.683860547624309
3416,5.184635835536797
1905,5.571930711856212
1327,5.67469393977031
2416,4.998353877526746
3109,4.900023267797178
5187,5.148414572102479
1639,6.158026422956102
2594,5.264374453197347
1584,5.2309761727955
648,4.9545512548683535
5329,5.967809167754463
3203,5.896060287288535
4136,6.248846697487575
677,5.844290267315628
2367,6.340016084625868
494,5.683532888437514
3658,5.253365167688978
2840,6.055923688816249
833,5.6010204668630506
2780,5.386742796955006
3058,5.4553767952997605
5159,5.961164625035794
3907,6.654311805595739
3082,5.651009696731954
2423,5.229717519388303
206,5.500571126756136
2624,5.813859150113089
4479,5.943432579876844
258,5.341605801133338
859,6.269985330326497
283,4.980739330825764
654,5.844290267315628
1284,6.85762363828153
4131,6.160015483780959
5300,5.924123353355445
4575,5.685930013037236
234,5.479211091363893
3771,6.065797603375243
197,5.93039296636904
3972,5.953865322554182
5013,6.650972904330224
1907,6.006195929784541
4270,5.503448826583751
517,6.161504687332427
598,5.082052896403393
3083,5.623358165401444
52,5.195120859508424
2941,6.578150444630175
3897,5.070305331053443
1,5.27766770030801
4941,5.043357592643675
2219,5.552056525649128
1638,4.5589872177429
5064,5.2680174444758485
4888,5.421648508806874
2465,5.591417599529708
5230,4.931060241792754
1818,5.6592401958684695
2610,5.195120859508424
3584,6.362175382794578
3899,5.504406222540079
641,5.264374453197347
615,5.366078657652063
987,5.27766770030801
2699,5.137425450526884
2795,4.957862516172009
3465,6.10119003731104
237,5.552056525649128
1257,4.998353877526746
4636,5.001523452288025
611,5.747070909241502
5147,5.028066774845257
2842,5.274059758931811
2028,6.006195929784541
2650,5.715031555496886
5369,5.669839561305512
3640,6.197553403100025
275,5.181997311578616
1812,6.406238871239004
2059,5.495756480960596
4663,5.579948572180944
3821,6.182123974535163
3335,5.124916600835175
3585,6.486072445768657
4064,6.10119003731104
288,5.2655902588182375
5091,5.888268040068369
3711,6.297636861657007
5020,4.985574150880347
2161,5.806811904597685
2321,6.030803752300953
891,4.838632152650033
4184,5.386742796955006
584,5.041838989466485
2294,5.799002138243629
2973,6.794073747970898
3686,5.873822614880646
2002,6.427373183312978
462,6.566308200973852
3519,6.104346273492478
4158,6.085792865596731
4033,5.26680458805064
2632,5.040318076625778
1956,5.888268040068369
4178,5.9933677655304285
0,4.796800958804904
2195,5.775200076963339
938,5.647698435428299
4582,6.05867623665929
3464,5.439165700671678
1201,6.214631617043061
1616,6.449930530737053
1250,5.67469393977031
4690,4.942874725206518
4490,5.084968350363517
3213,5.704119522045903
5264,5.450339001269803
323,5.717354436913025
699,4.808384099894535
3792,6.0690673610568
3150,5.123517020480752
4894,4.858909345089183
2454,4.787044783859539
292,6.34951440092469
2329,5.122115478555464
5123,5.927263073360113
742,6.362986741865457
358,6.475982270071322
580,4.998353877526746
1533,5.791130899035532
3279,5.197725027646812
4272,6.793810208636128
3999,5.761974314744077
3131,6.07124127495642
1573,5.148414572102479
2907,6.3437435687511945
3557,6.959565855299868
3745,6.42088832366178
3774,6.3666297331439585
3071,6.379476156299461
4465,5.116489584673295
2215,5.090773881908838
3877,5.994540786192792
906,5.291970685498342
4679,6.258346882035595
2393,6.680038620834249
786,5.724290880909682
4990,5.571035857210369
2957,5.53549680961011
4458,5.438143728175985
489,4.7752103262125365
4999,5.163330102858927
2569,4.817935270878878
1698,5.596666955415852
1464,5.040318076625778
4238,5.084968350363517
3428,5.88500326407023
3655,5.628442922119555
4584,4.974256325947685
1248,5.366078657652063
3848,5.2680174444758485
3615,5.451348592471155
3055,6.459917667567516
1551,5.888268040068369
2980,5.197725027646812
2710,5.543810945262377
1615,5.129103627189392
3820,5.093664057331071
4400,6.131802025537244
653,5.322276034993671
840,4.97262898628831
2424,4.817935270878878
1922,6.125651314193714
4979,6.682398503935339
4498,5.225932025908822
2018,6.240172824342797
2362,6.037564341430829
1046,5.5158240440114055
4198,5.970814880867955
1398,6.391371617740449
2072,4.683860547624309
3996,5.197725027646812
3106,6.3548433743882855
693,6.096966166194856
1167,5.479211091363893
1823,6.1363903588482795
955,4.840492618302952
1249,5.092220013758837
4363,5.970814880867955
2231,5.712703265737295
3627,5.213209207980854
872,5.082052896403393
3406,5.926635917491328
4594,5.301393605632847
3807,6.606521141759391
4641,5.001523452288025
5002,5.197725027646812
2686,5.232233243985551
3600,5.1700370361156445
4776,5.280065782992023
3935,6.700211794342938
1559,6.6384287594227365
1859,5.888268040068369
1969,5.157931979089369
1146,5.926635917491328
1059,4.503276610728895
1118,4.634852968517614
2836,5.018778782378787
3518,5.233488736931383
1909,5.00783262148129
1303,5.122115478555464
446,5.686727779334034
4678,5.123517020480752
2353,6.244747397736634
4952,5.703335515733694
3027,4.993580598774089
2126,5.3280001490775595
3065,6.009666147263548
3384,5.986891440274303
2184,5.775200076963339
2142,4.7987408236227305
4748,4.561447243583762
3126,5.628442922119555
2909,4.9378284571388935
1178,5.446290412743803
498,5.485081949713676
994,5.493824113209542
1654,5.552056525649128
565,5.576393012879611
4565,4.9378284571388935
4028,6.055923688816249
3186,5.846331778742606
2293,4.363775051117869
4692,5.001523452288025
2613,4.817935270878878
4320,5.303735527077928
3300,6.040927573300595
1780,4.683860547624309
3178,5.673078430533655
669,5.2309761727955
5316,5.738021073721584
3103,5.163330102858927
521,6.3560691150933355
1879,5.296693244452515
453,6.578150444630175
4135,6.088997996545679
4209,5.738021073721584
3709,5.699406237593805
813,5.195120859508424
2814,5.555699516927629
4425,5.791130899035532
3796,6.4375870039009815
3924,6.333354944259086
4359,5.504406222540079
2291,5.366078657652063
3683,4.993580598774089
3439,5.991017588185475
2614,5.040318076625778
851,6.196596007143697
90,6.6669587672965065
767,4.962808940107335
4537,5.940343297222208
1419,5.691501058086692
2513,5.484105863740621
3219,5.782472836292418
3857,6.297636861657007
1443,5.775929737703482
3476,5.199024572988897
477,5.122115478555464
1484,5.8671868904652476
39,5.129103627189392
519,5.990429179813099
2164,5.296693244452515
2214,5.166018276520727
4145,5.043357592643675
2727,6.0663433059808725
1336,5.775200076963339
5076,6.850675719512733
4919,5.161983301308548
567,4.634852968517614
4988,5.254594424143708
1032,4.936140693025173
3423,6.874785128354071
4077,5.06140319511285
4473,6.170885156017863
3549,6.399615040279956
10,5.754550375672795
3025,6.112714523162995
210,5.359463418533344
3256,6.215571908602703
2240,5.264374453197347
2480,5.073255185699864
1199,5.458387334452632
456,6.905188427615759
1627,5.058418118269396
4904,5.001523452288025
2276,4.869798744888452
2619,5.3280001490775595
1569,5.6010204668630506
388,4.936140693025173
2726,5.9756053091905885
1005,5.591417599529708
3019,5.168699243273985
4804,5.155221950330504
4094,6.251116846022114
4909,5.205497087494515
4547,5.107990949951833
2203,5.990429179813099
2578,5.389966872826759
1982,4.672931477092118
1944,6.837138285399664
2964,4.957862516172009
432,5.329141050513351
4065,5.961164625035794
203,5.041838989466485
4251,5.233488736931383
4091,4.882354963663864
4339,5.461388837456388
3619,5.738021073721584
4937,5.571035857210369
3850,6.044279531746301
2341,5.024980352642069
2751,4.957862516172009
3374,5.300220584970483
2251,5.341605801133338
960,5.638535522506778
904,4.980739330825764
4851,5.738021073721584
3430,6.2686493247837545
5227,5.798289125735703
1355,5.166018276520727
2473,5.359463418533344
500,5.577283088594804
2799,4.871602171887602
600,4.787044783859539
4284,6.808202711424914
1596,5.778843068241839
4521,5.555699516927629
1840,5.973811586736561
4980,5.124916600835175
133,5.6010204668630506
5305,5.333691684077348
3891,5.899289221317707
3412,5.940343297222208
4256,6.126679063513367
5222,5.628442922119555
3947,5.580835490199172
5109,6.74215616888926
233,5.296693244452515
3586,5.199024572988897
4607,5.043357592643675
1511,4.34869180890654
1309,5.159284244339383
352,6.128731398764279
992,5.159284244339383
4893,5.892171753548842
3969,6.71913437729622
1928,5.50153128045448
5370,6.092724378286492
5186,4.862552336367684
3830,6.563657437327609
3508,5.199024572988897
4938,5.477246454189728
3135,5.020332784245521
3833,6.491792876097964
4234,5.504406222540079
4374,6.339601060756039
4489,5.043357592643675
4701,5.664146174637325
2768,5.840194698450891
3539,4.956208256075983
4615,5.8551304818684935
28,5.418525133024606
190,4.980739330825764
174,5.152504557354004
3481,5.873822614880646
3768,5.695461459302789
561,5.041838989466485
1839,6.167439422852241
4981,5.451348592471155
886,5.389966872826759
2748,5.75901134961342
3228,5.247196116662263
3257,5.450339001269803
3716,5.421648508806874
2916,5.594920230080911
705,5.041838989466485
2568,6.785871558846438
4886,6.451416415111477
5303,4.561447243583762
3607,5.778115530923462
2191,5.775929737703482
3704,5.044873893161639
2781,5.8771240374897
1623,5.6242074223527
675,5.489948139364849
2560,5.775200076963339
2056,4.672931477092118
2139,4.683860547624309
2623,5.389966872826759
5306,4.92082124449166
2267,4.709613043726723
379,5.152504557354004
205,5.940961917718274
5376,6.041487013874627
2737,5.669839561305512
2536,5.122115478555464
5121,5.387818644288469
1601,6.240172824342797
534,4.9327565950409324
2615,5.342731293655072
4964,5.906356388540799
2398,6.362986741865457
250,6.329169086326408
4160,6.576186450545515
218,4.957862516172009
3220,6.151534515012577
4277,4.842349629050164
3415,4.757191820709858
4139,6.1679323979669824
857,6.574218591596275
3666,5.197725027646812
2189,6.340430936322338
3037,6.332937146049541
5042,4.882354963663864
3421,4.9122079268135455
166,4.844203197699487
439,5.406988560396189
3402,4.9017730495209655
305,4.990385707877569
1725,6.1937183073160815
3688,6.639351978445073
4051,5.618247421738885
4670,5.980372898674061
2729,5.906996388562645
4812,5.001523452288025
3608,5.738021073721584
2436,5.755295254664405
3447,6.71885032673331
1214,5.040318076625778
5318,5.74631987653628
2511,6.335858074477205
4835,5.393180587429855
4623,4.637133471216339
1845,5.359463418533344
3051,6.585318934108788
4455,6.309257392680026
1609,6.145000186660964
4740,6.22306258033186
2896,5.416437449594122
901,4.970998994077379
4906,5.275263852996616
3134,5.274059758931811
2338,5.7627136863119555
685,4.817935270878878
5281,5.197725027646812
16,4.887688309639227
2740,5.543810945262377
2354,6.180665185071502
3545,5.742556228886976
2397,5.353917092612788
3537,6.206128967802421
310,5.152504557354004
1258,4.611757253722964
2938,6.065797603375243
5157,6.491792876097964
2259,5.015663515061838
1943,4.683860547624309
3375,5.3130487492245955
2039,4.742949463994314
2903,5.2943347527932225
492,5.389966872826759
1724,5.833331253525909
2010,6.052610599093289
4032,6.162000596095379
2124,5.5566081948638475
3544,6.302818220399004
4905,6.370661996671897
5177,6.236498038397597
2005,6.768451849973622
3470,6.10119003731104
3951,5.651009696731954
3367,6.025703146173365
1930,5.423725352751713
2135,6.077195284426527
2864,5.483128824092794
1900,6.5814152206283145
2586,5.881727794387759
186,4.867992059663503
1224,5.67469393977031
219,4.730578172191768
3728,5.783197211550459
911,5.67469393977031
3839,5.070305331053443
4536,5.107990949951833
3571,5.043357592643675
1574,5.148414572102479
984,5.017222361831129
134,5.6010204668630506
295,5.195120859508424
3635,5.052421098797022
4568,5.632660558063758
2026,5.511082451438822
2696,4.860732499650698
4089,6.467617063989562
2429,5.113664724037741
2107,6.274868802850775
3575,6.734634194434572
845,5.605355107373491
1811,6.371868512000238
1164,5.641877213168682
1150,5.6010204668630506
1641,6.167439422852241
1225,5.389966872826759
3949,5.287225718114116
4877,6.451416415111477
3604,5.628442922119555
578,5.591417599529708
2103,5.418525133024606
154,4.637133471216339
1537,6.067433818629838
1908,5.1360432802999325
899,6.628527688440025
1192,5.024980352642069
589,4.998353877526746
1507,5.2836521586232505
1938,5.122115478555464
2027,6.293733148176534
1105,5.957521633757293
3534,5.6044896810970615
4567,5.31997718340656
5140,4.9017730495209655
4319,5.3314189558263445
1044,4.634852968517614
4036,5.926635917491328
127,5.44730409757465
4843,5.594920230080911
3679,5.565649847780797
803,5.290786552737125
537,5.633501954831949
5122,5.222132147999047
1705,6.269985330326497
5295,5.184635835536797
2984,5.613968425051605
1487,5.8671868904652476
1776,6.414746269803916
1269,6.42318190264888
1910,5.389966872826759
3994,5.555699516927629
3056,5.06140319511285
1414,6.1001357409561345
3226,4.806462869716641
4674,5.124916600835175
2167,5.726592377897962
5322,5.651009696731954
1283,5.058418118269396
3523,5.205497087494515
5163,6.14095773547639
4897,6.085792865596731
4720,6.297203867495663
4290,5.798289125735703
3212,5.628442922119555
1816,6.293733148176534
2959,6.213219519844424
4003,5.8551304818684935
3867,6.68416476874542
189,6.112193554148868
1764,5.964190345952331
1081,6.049286496309451
1474,5.844290267315628
4070,6.465789244069236
2988,6.686808330279071
4589,6.829028763004475
267,4.7752103262125365
2097,5.687524909707052
3827,6.567300428606109
3626,5.07766371598463
2361,5.4299301296385964
3382,5.694670632847971
49,5.424762159480154
3656,6.729587926366948
5213,6.511560551191278
3170,5.163330102858927
4890,5.802559594859155
5010,5.124916600835175
3875,5.163330102858927
89,5.717354436913025
2935,5.59054002158835
3189,5.2680174444758485
4803,5.3314189558263445
2657,5.355028821465479
3238,6.176276004652739
4223,6.526134022165798
807,6.0553722688960185
3364,5.0109723414859575
214,6.537777989339788
1662,6.371868512000238
444,5.983341140687136
737,4.880570841870362
3445,5.6044896810970615
2773,5.472317907988579
167,5.591417599529708
896,4.998353877526746
1951,4.858909345089183
2969,6.176276004652739
856,6.269985330326497
5074,5.199024572988897
1947,5.934135952647875
3280,5.530847800771866
4717,6.297203867495663
3461,4.800676932649597
3667,5.579948572180944
449,5.531779333209978
4241,6.620410253920058
4311,6.456230347755469
1767,5.006259057033859
2945,5.147047517890946
2986,5.138805712995842
2029,5.870510256767663
3377,5.466371408800852
3435,6.355252121583839
1917,4.279481805728365
1871,4.683860547624309
3846,5.88500326407023
2712,4.900023267797178
2566,5.500571126756136
87,5.413297729589454
2733,5.9178141841621805
1061,6.326649135391895
5215,5.504406222540079
2120,6.324544314576931
2659,5.549315546317707
4819,5.043357592643675
2323,5.5817216222908295
574,5.44120651770653
1690,4.503276610728895
2007,5.264374453197347
331,5.551143700391769
1534,6.647317706839982
4485,5.503448826583751
5262,6.197553403100025
2917,5.155221950330504
4788,4.957862516172009
3084,5.220862306558571
1469,6.006195929784541
1367,6.150532008662951
454,6.305828328025509
2825,6.088997996545679
788,4.998353877526746
1310,5.159284244339383
4107,6.034752981693283
2867,6.105920663741586
2068,5.489948139364849
3990,5.555699516927629
4834,5.818063781395121
1455,4.808384099894535
1827,5.44730409757465
1856,4.611757253722964
248,5.664961502852079
1476,5.50153128045448
983,5.157931979089369
4244,5.603623505209213
1704,5.284844764608374
4780,5.161983301308548
647,5.480191964419484
3871,4.993580598774089
3031,5.0031044802853435
1202,4.962808940107335
5366,5.961164625035794
5036,6.515049738262231
3946,5.641877213168682
3234,6.008510745632992
3718,5.628442922119555
1243,5.837454970709771
2642,5.576393012879611
1274,4.7652401538926865
924,5.5817216222908295
3319,5.694670632847971
4171,5.248432975199659
3039,6.501372512954778
1430,5.284844764608374
3026,5.084968350363517
1401,5.844971234315045
1521,6.142475570323825
2769,5.603623505209213
4041,6.550297185161268
1323,5.818762837697618
249,5.552056525649128
4541,5.138805712995842
4724,5.213209207980854
4703,4.974256325947685
3800,4.724334655552083
3016,5.695461459302789
4493,6.430410391418428
2349,5.316518966703603
4714,6.297203867495663
2776,5.774469883429616
2144,6.736589775446121
3045,5.301393605632847
3637,5.020332784245521
5200,4.993580598774089
2273,6.0125488243822724
298,5.250902112256581
2811,6.025703146173365
649,6.1937183073160815
3413,6.2004201035821005
1793,4.8273960793831066
287,5.974409851785815
1479,5.316518966703603
2788,5.253365167688978
2641,6.279728542921009
1968,5.195120859508424
382,6.111672313584551
5009,5.738778362663493
3703,4.9104763246492675
1078,5.775200076963339
2854,5.197725027646812
3645,6.44620613164607
4429,5.477246454189728
4837,4.892993361868919
887,4.742949463994314
3329,5.07472685631132
370,5.74631987653628
327,6.526478434085854
481,6.037564341430829
2583,5.881727794387759
5287,5.070305331053443
3636,5.530847800771866
1643,5.2655902588182375
1867,6.125651314193714
5068,6.056474804840119
1263,4.869798744888452
1299,4.720150549029509
1480,5.352804126443367
4815,5.8551304818684935
5041,4.614090977069185
1820,5.7009798020412354
4211,5.2680174444758485
4709,5.001523452288025
5085,6.9657991791333576
2084,6.2197923134603155
5286,4.947895656256617
815,6.712008794916594
3115,6.07124127495642
1655,5.944049292816526
4865,6.215101873341405
231,5.257048413105275
3420,6.300230896834053
2789,5.8551304818684935
2474,5.775929737703482
1132,4.956208256075983
5338,5.4226874699392935
2253,4.34869180890654
4763,5.825032450711214
4437,6.248392048695929
5278,5.0031044802853435
4524,4.860732499650698
619,6.544902701411913
111,6.7592176724619195
422,5.44730409757465
3332,5.892171753548842
1870,6.1864876178229355
1679,5.335959258745127
1196,6.23234769810754
3014,5.961164625035794
5131,4.882354963663864
1012,6.067433818629838
3749,6.248846697487575
4806,5.829190460859878
2285,5.666590167707202
14,4.444278269966938
4879,5.399577197726547
2096,5.195120859508424
418,5.284844764608374
3136,5.961164625035794
1043,5.82572665414069
4531,5.651009696731954
2802,6.003294854352707
144,5.082052896403393
3708,5.248432975199659
468,5.167359658344928
2574,6.166946204593168
508,6.125651314193714
5259,6.110106959755914
3866,6.775187696538126
4932,6.273095752740889
917,5.859165457080673
3621,6.367033691945655
1649,5.122115478555464
141,5.296693244452515
4237,6.350746686970956
3540,5.041838989466485
5066,6.846433666987986
2522,5.082052896403393
1370,4.742949463994314
969,4.808384099894535
4998,4.87340235239175
5297,5.927263073360113
26,4.858909345089183
5310,6.637504687279358
3759,6.567300428606109
4261,5.44120651770653
431,6.040927573300595
2298,4.936140693025173
1959,4.563901232545329
787,5.015663515061838
1510,5.090773881908838
4838,5.124916600835175
4226,6.025703146173365
1447,5.347220639017666
1825,5.646868904065923
3250,5.708030360037902
4719,6.8429266493654834
1231,5.195120859508424
1964,5.552056525649128
2714,5.834707716234632
3040,5.603623505209213
336,4.634852968517614
4755,5.943432579876844
5117,5.33255596561342
5185,6.940856868260445
839,5.59054002158835
1804,5.940343297222208
3562,5.6044896810970615
3582,5.358356611558153
2289,5.666590167707202
490,4.755169575329091
3757,5.504406222540079
3829,5.472317907988579
2600,5.775200076963339
1711,4.9545512548683535
4292,4.9017730495209655
5139,4.9017730495209655
1279,5.489948139364849
2004,6.433438402816068
1963,5.734226002753033
4827,6.5105114166309805
464,5.090773881908838
427,6.139437593303748
4833,5.123517020480752
509,5.906356388540799
183,6.406238871239004
4405,5.6690282022346326
2492,4.583319318402431
730,5.237245785809096
981,6.904008764862465
5246,4.862552336367684
3928,6.256544267757479
4671,6.778940046156675
5219,5.044873893161639
952,6.6911987954028005
4340,4.957862516172009
4841,6.297203867495663
2631,5.552056525649128
2373,5.352804126443367
253,5.577283088594804
2482,6.406627145365412
1262,5.692294394106087
5307,4.92082124449166
3754,6.829791830572977
4026,6.217918776612518
3148,5.052421098797022
575,5.852431424899328
1831,4.9545512548683535
1720,6.046507944924727
1088,6.544902701411913
2012,5.413297729589454
2603,5.669839561305512
407,4.908741718837059
2898,5.738021073721584
149,5.040318076625778
4196,5.6044896810970615
1042,6.230034488655975
1794,5.210645104011916
4955,5.711925962938732
4386,6.654008729369749
3567,6.472353819065742
3261,5.392110496370011
3425,5.717354436913025
103,4.998353877526746
1549,4.858909345089183
3541,5.185952491421545
5210,4.862552336367684
1896,6.198987780587167
1123,5.329141050513351
1009,5.83401972171145
3775,6.248846697487575
5019,6.160512131419675
910,5.040318076625778
4053,6.194678461014425
1526,5.50153128045448
2311,6.821622267647824
23,5.389966872826759
4950,5.555699516927629
4608,6.12101332597769
837,4.998353877526746
3804,6.472353819065742
4328,5.2680174444758485
2558,6.347045263867769
3890,5.906356388540799
1179,5.837454970709771
2380,5.065864169053475
3485,5.651009696731954
593,5.040318076625778
170,5.692294394106087
192,6.139944564163783
4117,6.449186759784208
2684,4.637133471216339
5046,5.6044896810970615
2627,5.551143700391769
4887,4.974256325947685
3987,6.462123550814927
2207,5.704902914173707
4683,5.493824113209542
2691,5.330280651776285
1238,5.3280001490775595
1045,6.682987605572405
3022,5.902507762879504
1630,5.188580613827814
2389,6.272208047400748
781,5.888268040068369
5080,4.892993361868919
5189,5.184635835536797
4302,6.115315304863052
3746,6.808462485422997
3630,5.855804109377968
931,6.269540193439556
1395,4.806462869716641
2404,5.881727794387759
224,5.45235716542604
1357,5.223400378987042
147,4.709613043726723
5058,5.197725027646812
475,5.541969324115728
2888,5.778115530923462
1292,5.937244441318143
4179,5.306071976738948
4205,5.840878459161292
717,5.582606969847554
208,5.217043078491575
4947,4.734718964857799
5356,6.779474948549745
2283,5.718127533202014
2735,5.475277949617055
4287,6.223528889503285
1270,6.448070065084133
3269,5.161983301308548
4348,5.560234672093021
1449,5.347220639017666
1066,5.926635917491328
3450,5.333691684077348
3262,5.859165457080673
4772,5.001523452288025
3548,5.333691684077348
5290,4.821730341847429
3865,5.084968350363517
528,5.6010204668630506
3569,4.744996547616039
3583,5.393180587429855
3697,6.637504687279358
2741,4.860732499650698
42,4.833029897101363
4132,6.006195929784541
4069,5.686727779334034
3638,5.282458128630643
4448,5.31997718340656
2837,5.3314189558263445
1389,5.88500326407023
5075,5.695461459302789
3878,5.084968350363517
1976,5.264374453197347
4913,6.388213304811133
2985,5.404876627193046
1858,5.552056525649128
4082,5.040318076625778
2516,5.669839561305512
620,5.682732568266745
5350,6.929645218957543
3912,6.035315886295819
3047,4.860732499650698
579,5.015663515061838
1448,4.787044783859539
4783,5.944049292816526
459,5.646868904065923
2049,6.406627145365412
3772,5.931017771137882
3952,5.738021073721584
3788,5.124916600835175
2252,5.552056525649128
48,5.040318076625778
4705,5.001523452288025
3422,4.92082124449166
581,5.389966872826759
5331,6.517137421692715
2350,5.181997311578616
1091,5.458387334452632
191,5.79471641739813
3986,5.977991945168319
2272,6.073410473203965
3610,5.451348592471155
2647,6.164476457721585
2320,4.806462869716641
1221,6.667257944561266
1855,5.458387334452632
3372,5.2607181419942375
569,6.237418001663952
2299,5.329141050513351
4123,4.967731017312763
4228,5.728888590158312
2411,6.873569027024577
4762,4.974256325947685
1587,5.303735527077928
1033,5.058418118269396
1719,6.269985330326497
961,5.065864169053475
3650,5.028066774845257
2425,5.122115478555464
27,4.9545512548683535
5136,6.4105016174729705
3355,5.694670632847971
3786,6.140451278134595
5276,5.75901134961342
4315,5.892171753548842
3591,5.555699516927629
216,5.813859150113089
1504,4.817935270878878
3580,6.297636861657007
4377,6.115315304863052
3338,5.287225718114116
5111,6.283687202148295
177,5.244717800647796
1633,5.329141050513351
4383,5.3314189558263445
1195,5.347220639017666
4836,5.877783016096743
2155,5.950808151111633
5190,5.1925098919677035
3955,5.0031044802853435
963,6.873812365631448
5298,5.140184072965964
2543,5.122115478555464
4614,5.953865322554182
1382,5.394249534618759
3668,6.360550687067576
2337,5.296693244452515
4484,5.369369938736136
2555,4.34869180890654
153,5.646868904065923
3092,5.0031044802853435
629,5.852431424899328
1795,4.571227272637403
2966,4.777192487416528
2001,6.052610599093289
159,5.44730409757465
4734,5.4226874699392935
1727,5.040318076625778
701,5.09654590370596
908,6.4439648158030565
5045,5.140184072965964
5251,4.862552336367684
774,6.269985330326497
4126,6.489294213366594
32,5.180675434320701
3509,5.199024572988897
1826,4.9545512548683535
885,6.003294854352707
2104,5.2309761727955
4243,6.437210568737492
3872,6.549287933603775
1550,4.808384099894535
4534,4.993580598774089
3158,5.694670632847971
2271,5.495756480960596
1135,5.747070909241502
2665,4.956208256075983
4246,6.388213304811133
1803,5.122115478555464
3705,5.721213955405203
5315,6.687394840559813
1048,6.269985330326497
2841,4.957862516172009
1121,5.775200076963339
1740,5.576393012879611
795,5.360569001841094
1014,5.775200076963339
4083,5.778843068241839
1306,5.646868904065923
3978,5.504406222540079
5311,5.651009696731954
4062,5.2680174444758485
4770,5.001523452288025
3086,6.461756241352579
2278,5.388893335418235
316,6.532315360528909
4774,5.902507762879504
796,6.111672313584551
1868,4.5589872177429
621,4.998353877526746
2236,5.0109723414859575
4672,5.124916600835175
3869,6.620723684419411
2501,5.152504557354004
1371,4.683860547624309
2847,5.504406222540079
2572,5.195120859508424
1728,5.041838989466485
3006,6.283248124204907
4396,5.228457279776015
2494,5.296693244452515
2233,5.916547559546987
4604,5.504406222540079
4569,5.888268040068369
2983,5.681931607070541
940,4.742949463994314
1065,6.073410473203965
1652,5.006259057033859
367,5.446290412743803
3535,5.961164625035794
471,5.44120651770653
329,6.7148651236223476
4417,5.086422896074511
4657,5.4226874699392935
3159,5.555699516927629
2406,5.852431424899328
2502,5.276466498962376
4127,5.555699516927629
4353,5.8551304818684935
5161,5.892171753548842
2113,5.45235716542604
1182,5.548400214446018
3278,5.7708108965445755
2770,6.304539391219778
4596,6.5105114166309805
482,5.541969324115728
624,4.998353877526746
1695,6.230497558819378
2237,4.829277547482812
2925,5.5148775224073745
2734,5.481171876305833
3837,6.576514050876045
3933,5.472317907988579
1933,5.844290267315628
3894,6.33084553265366
2131,6.111672313584551
3695,5.954475636884998
299,5.195120859508424
1100,6.167439422852241
3864,6.0863277679898
1445,6.021717943062402
3747,6.603018511208188
1822,5.474292242292297
3429,5.993954447858785
1967,5.195120859508424
4185,6.160015483780959
2089,5.290786552737125
2738,5.448316755889035
4908,6.038125666171922
3766,5.961164625035794
3263,6.459917667567516
3798,5.2680174444758485
60,5.682732568266745
4732,5.197725027646812
4546,4.957862516172009
3682,5.855804109377968
5313,6.273982670759117
1779,4.611757253722964
4457,6.11479568936682
1208,5.157931979089369
2206,6.342502617195874
2786,5.873822614880646
5271,5.043357592643675
4027,6.396874776282979
1140,5.122115478555464
4421,5.825032450711214
2875,4.92082124449166
3613,5.738021073721584
4675,5.0109723414859575
2366,4.9545512548683535
905,6.289377740594663
1565,4.998353877526746
4337,6.1649708953089135
1452,5.59054002158835
3408,5.818063781395121
791,6.111672313584551
1384,4.490170263223594
266,5.754550375672795
4984,5.254594424143708
1837,6.167439422852241
198,5.93039296636904
4963,6.692949598301153
868,4.92595384771818
1919,5.303735527077928
1098,5.3280001490775595
5245,5.627597256107212
3483,6.44620613164607
4840,5.4226874699392935
1733,6.1937183073160815
4882,4.891228136344351
1145,5.090773881908838
1331,6.203754233843868
2805,4.900023267797178
2824,5.4226874699392935
4387,6.863786606142858
4861,6.6269717522306815
2421,5.359463418533344
1261,5.950808151111633
347,5.691501058086692
1093,4.471527912414314
4824,5.043357592643675
547,5.113664724037741
926,6.274425834958704
4519,5.523364136284693
3285,6.2637353099813255
4668,5.651009696731954
4645,5.001523452288025
2136,4.413420281607033
1758,4.7752103262125365
1068,6.7039673960416
4916,6.773037158074897
5216,5.913373961199445
2382,5.691501058086692
2874,5.123517020480752
573,5.243476335559731
3431,5.809636765233241
3240,6.0863277679898
2580,5.691501058086692
96,4.858909345089183
995,5.157931979089369
3363,5.197725027646812
1154,5.4122489617953695
3939,5.2607181419942375
3903,5.91273803113032
173,5.159284244339383
4948,5.225932025908822
4556,5.503448826583751
1099,6.526478434085854
1075,6.6669587672965065
3522,4.92082124449166
1955,5.88500326407023
4554,5.817364236071035
4329,6.207551105989488
4397,5.233488736931383
4345,5.778115530923462
5065,5.461388837456388
2297,6.315230106681237
1428,5.317673034921709
118,6.406627145365412
4532,5.716580742483715
2673,5.648527279238699
3030,5.450339001269803
3272,5.926635917491328
4043,5.450339001269803
2567,5.6010204668630506
2524,4.991984429241266
2794,4.975881021674687
81,5.370464629595317
3124,5.632660558063758
4263,5.0031044802853435
4744,5.001523452288025
360,5.195120859508424
260,6.139437593303748
3094,5.545649181074128
5067,6.165465088548523
4516,5.253365167688978
3505,5.4226874699392935
4933,6.800639759741789
3233,5.530847800771866
2060,4.808384099894535
424,5.485081949713676
4566,5.161983301308548
109,6.38027360450759
4640,5.001523452288025
3564,5.488976793975217
3182,5.018778782378787
3678,6.776797570779029
4574,6.0553722688960185
5088,6.560001126124498
512,6.60078315980637
3997,5.416437449594122
3114,5.26680458805064
4883,5.043357592643675
3942,5.750817635243111
2082,5.646868904065923
3104,6.192276345999181
4787,5.393180587429855
1110,5.082052896403393
4713,6.8361281843036785
3205,6.418589472074669
3357,6.2004201035821005
3490,6.734634194434572
5358,5.028066774845257
2995,5.603623505209213
1762,6.12049666360505
4965,5.888268040068369
928,6.916676070063231
2661,6.568621869168405
47,6.052610599093289
706,4.623371786143657
467,5.852431424899328
2527,5.122115478555464
2605,5.105141945175758
3737,5.228457279776015
4181,6.265525019631298
2879,5.3314189558263445
2024,6.678856587599693
5343,4.993580598774089
1204,4.413420281607033
4229,5.107990949951833
3381,5.579948572180944
1039,6.053163543536463
3455,5.5566081948638475
1514,5.682732568266745
2942,4.7117294466331
2510,5.664961502852079
2254,6.4439648158030565
894,5.446290412743803
3095,6.670543000524321
2719,6.165959037681807
1563,6.1455043459859855
878,6.317354602912645
1800,6.125651314193714
5272,4.705366752845272
3057,5.83126300046185
1015,5.195120859508424
2281,4.696819692266813
2996,5.028066774845257
4693,5.018778782378787
1031,6.206603238619943
3479,5.197725027646812
4475,6.438715459916913
4313,5.818063781395121
5014,6.650972904330224
3517,6.321167359067201
1041,6.324544314576931
674,6.3560691150933355
241,5.389966872826759
3111,5.163330102858927
2539,5.681130003821204
3594,6.115834650499239
880,4.998353877526746
5292,5.124916600835175
958,5.775200076963339
199,5.93039296636904
1650,6.082577428742756
3781,5.510131429018119
4175,6.115315304863052
342,5.341605801133338
1177,5.647698435428299
2557,5.195120859508424
2790,4.92082124449166
1470,5.270438753164859
1454,6.091129057554633
3971,5.50249051314194
522,4.898270418969764
5223,5.609671039839059
2280,5.375920180496855
4972,5.571035857210369
1159,5.929767770975122
639,5.869846466501007
357,6.317778961077298
4204,4.862552336367684
3874,5.333691684077348
3146,6.202802758986168
2081,5.446290412743803
3502,5.234742655590977
585,4.917384814993079
514,5.734226002753033
5142,6.309685200173181
4878,5.350574471116098
4642,5.488976793975217
1971,5.531779333209978
2821,6.850177587497451
3702,4.9104763246492675
3791,6.451787541484265
3201,5.892171753548842
953,6.0690673610568
5015,5.704119522045903
3162,4.967731017312763
5060,4.949563713357314
5324,5.06140319511285
4156,5.664146174637325
3699,5.044873893161639
3879,5.525240309442921
1799,5.015663515061838
4436,6.025703146173365
4632,5.5148775224073745
4648,5.161983301308548
4208,5.351689920199964
5359,5.859836372905906
20,6.4269928828710485
1330,6.583043620271653
3813,5.881727794387759
3944,5.254594424143708
2345,5.270438753164859
748,6.333772567986183
18,5.814561150843919
3825,5.708810695621783
4876,5.916547559546987
1416,6.022288231073296
2128,5.371558123416689
741,4.936140693025173
4497,6.100663028076182
5096,5.560234672093021
4859,5.603623505209213
1841,4.4579959061957375
30,5.638535522506778
3449,5.818063781395121
1540,6.142475570323825
3819,6.258797028340743
1313,6.105920663741586
2149,4.858909345089183
1333,5.500571126756136
4820,5.450339001269803
1297,4.990385707877569
2881,5.213209207980854
1186,6.437963297414358
3351,5.738021073721584
4778,5.001523452288025
4995,5.043357592643675
3165,6.074493310342797
2368,6.939718564210385
1948,5.316518966703603
1960,6.335858074477205
734,5.734226002753033
497,4.858909345089183
4586,5.059911770526179
3138,5.673078430533655
242,5.489948139364849
3089,5.738021073721584
4129,6.42050554853749
3069,5.934135952647875
4368,5.694670632847971
1880,5.388893335418235
2489,5.366078657652063
4605,5.386742796955006
354,5.669839561305512
2744,5.579948572180944
4430,5.2680174444758485
1393,6.156532026663048
4066,6.273095752740889
5352,5.980967252331974
430,5.973811586736561
785,6.384648238646637
2257,4.683860547624309
1053,4.528984967439102
915,6.269985330326497
1239,4.998353877526746
4133,5.3314189558263445
1628,5.032678620067821
5236,5.6044896810970615
4215,5.651009696731954
1939,6.013124363966505
2003,4.787044783859539
1072,5.040318076625778
4297,5.399577197726547
227,4.661881640905533
1318,6.489651547656621
2831,6.07124127495642
1815,5.389966872826759
530,4.998353877526746
1324,6.082577428742756
2428,5.113664724037741
5149,4.957862516172009
711,5.734226002753033
3154,5.806811904597685
1471,6.4643245788495065
137,5.712703265737295
2662,5.517714403742574
5061,6.3666297331439585
2075,6.244747397736634
4922,5.001523452288025
4444,5.020332784245521
1050,4.962808940107335
5115,6.0476202920917
1774,5.50153128045448
2930,5.2680174444758485
3105,5.555699516927629
2017,6.222129309148862
2086,4.817935270878878
4217,5.369369938736136
779,6.60078315980637
2031,5.122115478555464
3618,6.197553403100025
4579,5.001523452288025
3311,4.664101397643846
3427,5.775200076963339
2899,5.477246454189728
76,5.888268040068369
4112,5.664146174637325
4793,6.418205815825958
3293,6.511210961955066
2243,5.195120859508424
4470,5.530847800771866
1227,5.668216184325621
3283,5.26680458805064
1890,5.329141050513351
4725,5.555699516927629
4418,5.466371408800852
2863,4.777192487416528
5092,6.403906055251051
976,6.269985330326497
2852,5.362776508256304
4406,6.0863277679898
5,5.869846466501007
1851,4.94455117153377
4526,4.860732499650698
832,5.2655902588182375
5047,5.386742796955006
3066,6.20802470296732
4849,4.860732499650698
2697,5.252134398302846
964,5.950808151111633
2417,6.763302089304144
311,5.852431424899328
5365,6.143486181829749
1026,5.980372898674061
3239,6.479958418450962
1644,5.2655902588182375
285,5.713479964805466
973,5.105141945175758
2447,6.710291073337641
2956,5.555699516927629
2701,4.51878079726486
5026,6.115315304863052
5118,5.2680174444758485
3102,6.650668814317238
195,6.015423215553616
776,5.050916207617601
4649,5.161983301308548
4326,5.483128824092794
3471,5.686727779334034
3881,6.491792876097964
4420,5.545649181074128
5344,5.369369938736136
5056,5.8551304818684935
29,5.316518966703603
4733,4.800676932649597
3096,6.146008251262458
3426,6.2004201035821005
5212,6.464690946320173
1437,4.962808940107335
106,4.936140693025173
3602,5.734226002753033
274,4.753143232183858
4206,5.163330102858927
750,4.661881640905533
4881,6.1090620275814205
152,5.474292242292297
1019,4.7752103262125365
3741,5.10941241429921
1781,6.156532026663048
5174,5.6044896810970615
1317,5.840878459161292
2479,5.082052896403393
2541,5.223400378987042
1077,5.957521633757293
739,5.755295254664405
3956,6.988400250861676
3836,6.838903510924233
3399,5.83401972171145
3327,5.124916600835175
3209,5.183317443783539
2675,5.329141050513351
755,5.775200076963339
4634,5.953865322554182
5180,4.639408785053474
4379,4.757191820709858
723,5.813859150113089
1432,5.229717519388303
1766,5.423725352751713
657,4.503276610728895
160,6.507357392639076
473,5.137425450526884
4625,6.236037739194994
4390,5.961164625035794
759,5.401700340774625
2450,6.139437593303748
2797,5.577283088594804
1450,5.347220639017666
5028,6.115315304863052
4365,5.3130487492245955
4501,4.686032101137816
236,4.503276610728895
463,4.908741718837059
212,5.366078657652063
4118,4.821730341847429
2307,6.559668070334575
2912,5.044873893161639
4325,5.404876627193046
271,4.990385707877569
433,6.570930196656688
2431,4.634852968517614
5138,4.757191820709858
2620,5.040318076625778
3003,6.2560931060083425
2048,5.734226002753033
3222,6.068523143356293
2890,5.393180587429855
2248,6.586940994480655
3984,6.481400379767863
3801,6.399615040279956
1876,6.342502617195874
4394,6.320744436667156
546,5.371558123416689
2266,4.887688309639227
3797,6.013124363966505
4058,6.1728488287156225
228,5.888268040068369
2227,5.474292242292297
2385,5.3280001490775595
2414,4.503276610728895
3497,6.58011058900165
104,5.552056525649128
4997,6.3143790428000806
2051,6.559668070334575
4986,5.254594424143708
1717,6.269985330326497
1592,6.727618591084256
4317,5.197725027646812
3538,5.205497087494515
313,5.065864169053475
3038,5.3985139334052175
1293,5.937244441318143
3512,5.729652824051067
371,4.990385707877569
2391,6.190832302426947
1673,5.195120859508424
3365,5.26680458805064
1887,5.877783016096743
2559,5.418525133024606
1364,6.082577428742756
4747,5.61739308593297
1230,6.4643245788495065
1937,6.281489881993711
2138,5.916547559546987
3243,5.754550375672795
4143,4.842349629050164
4808,5.884349027867634
1360,5.6242074223527
2109,5.2309761727955
1770,4.9545512548683535
1808,6.849180578441782
4462,5.825032450711214
4745,5.001523452288025
3576,5.8551304818684935
3289,5.201618608165944
2179,5.040318076625778
1953,5.783197211550459
1585,4.898270418969764
4807,5.477246454189728
3782,5.086422896074511
2928,6.009666147263548
469,6.572575745818532
145,5.463384846103104
384,5.527112969166213
3183,5.673078430533655
1834,6.314804665279373
2006,5.489948139364849
5267,5.33255596561342
941,5.27766770030801
4324,5.450339001269803
2327,4.838632152650033
2013,5.50153128045448
1966,6.462123550814927
3204,6.418589472074669
1148,5.833331253525909
658,4.279481805728365
3108,4.900023267797178
5072,6.4105016174729705
2250,4.998353877526746
572,4.998353877526746
3142,5.81034173530121
1458,5.8671868904652476
746,4.755169575329091
2255,5.105141945175758
2437,6.373876141664725
3361,5.594920230080911
2095,5.50153128045448
2226,4.683860547624309
4357,6.714009081338655
3409,5.519601196755151
3145,6.567300428606109
4045,6.620410253920058
3597,5.695461459302789
3675,5.545649181074128
1444,5.844290267315628
2496,4.444278269966938
1176,5.290786552737125
4513,6.241089414691111
3353,5.74180179656149
112,5.225932025908822
1852,4.611757253722964
4004,6.563325597271469
2491,5.195120859508424
2242,5.909552300497189
2739,6.1414639364489805
4438,6.151534515012577
4166,5.996882707637873
2301,5.750817635243111
3330,5.392110496370011
2683,5.735745759884448
2955,6.0437216516760435
599,5.833331253525909
44,5.474292242292297
4956,5.761974314744077
1038,6.4540114119337835
421,6.7903778620321
2807,4.7117294466331
4918,5.3314189558263445
686,4.672931477092118
1275,5.195120859508424
3691,5.651009696731954
4483,5.960558380700767
4967,6.916909143132692
3628,6.620723684419411
4677,6.320744436667156
2858,6.07124127495642
2772,6.585318934108788
1590,5.937244441318143
5124,5.579948572180944
3566,4.931060241792754
2997,4.812215522206091
3926,6.2004201035821005
3964,6.654614789994361
2929,5.7708108965445755
1881,6.546929044557145
773,5.352804126443367
3488,5.362776508256304
3973,4.351726712601693
4407,4.600006237187445
3477,5.133273195426117
1352,4.637133471216339
3861,5.525240309442921
3664,6.071784015810991
4699,4.757191820709858
5016,6.472353819065742
2433,5.93039296636904
5049,6.3822644472913606
4660,6.3437435687511945
4362,5.3314189558263445
4766,5.037269293776419
2895,6.5489512899379125
3369,5.4821508289048175
4116,5.660059532251872
3779,6.138422879873202
1516,5.870510256767663
3765,5.870510256767663
3314,5.483128824092794
2891,6.972434903548756
1294,5.00783262148129
991,5.50153128045448
2876,5.884349027867634
4960,5.844290267315628
4991,5.358356611558153
2609,6.406627145365412
5299,4.862552336367684
1911,4.755169575329091
5048,5.301393605632847
2829,5.944049292816526
2585,5.767138472292311
2904,5.168699243273985
3370,6.295470013571917
3832,6.10119003731104
5335,5.199024572988897
4466,4.957862516172009
3542,5.070305331053443
2765,4.7791707274286335
4086,6.143486181829749
5229,5.778115530923462
1836,6.167439422852241
703,5.709590422756804
3085,5.579948572180944
3844,5.954475636884998
3021,4.9104763246492675
1345,5.990429179813099
4366,6.025134802878726
1013,5.983341140687136
3680,5.028066774845257
5168,6.10119003731104
1453,5.844290267315628
847,4.634852968517614
2418,5.446290412743803
4982,5.254594424143708
1778,4.7987408236227305
3328,5.686727779334034
1120,6.566969795440591
1993,5.4122489617953695
1259,5.88500326407023
1923,6.281489881993711
3112,5.07766371598463
2905,6.501372512954778
1992,6.468347257523283
4199,6.903536509835978
5169,6.1095846301540675
3524,5.924123353355445
681,6.358108683412024
2308,5.712703265737295
1350,5.6010204668630506
1003,5.446290412743803
2753,4.757191820709858
3354,5.410148120686558
1363,5.542890558635048
1718,6.269985330326497
3273,6.451416415111477
2537,6.015423215553616
4221,5.107990949951833
731,6.13129090873593
2235,5.552056525649128
3052,6.070698239374246
844,4.880570841870362
2828,5.944049292816526
1642,4.94455117153377
75,5.195120859508424
922,6.082577428742756
2652,5.680327757488566
2542,4.858909345089183
1034,6.053163543536463
1580,5.2309761727955
4281,5.892171753548842
4468,6.876970390848068
3028,5.176699285941061
1726,4.516213401759614
502,5.738778362663493
3078,5.884349027867634
1361,6.082577428742756
1536,5.017222361831129
1016,5.999802417741208
1232,5.122115478555464
4342,4.842349629050164
3731,6.013124363966505
5268,5.044873893161639
4520,5.651009696731954
1228,5.5817216222908295
345,5.870510256767663
4159,4.87340235239175
57,6.111672313584551
1612,6.136898876530227
5304,5.5566081948638475
2260,5.360569001841094
1606,5.359463418533344
1188,4.755169575329091
460,6.4577069076398335
5040,6.903772665227322
419,5.541969324115728
1490,5.8671868904652476
4885,5.253365167688978
2870,5.493824113209542
4072,6.1649708953089135
4769,5.450339001269803
4000,5.26680458805064
2453,4.993580598774089
3962,5.2943347527932225
1069,6.556331397235535
4380,5.009403713713331
1321,6.172358271923838
1647,6.673817300219996
2722,6.02342783233623
5029,5.551143700391769
1844,4.858909345089183
3079,5.9933677655304285
2602,4.683860547624309
2234,4.998353877526746
4910,6.4635914409867565
1586,4.980739330825764
3501,4.842349629050164
4867,5.306071976738948
4504,6.065251602815678
1942,4.571227272637403
1399,6.541516311450395
3323,5.477246454189728
5196,5.434045361783703
1119,5.6010204668630506
3943,6.3215901026795
4975,4.975881021674687
2490,5.181997311578616
4018,5.504406222540079
4535,4.939513377503813
5070,5.044873893161639
5273,5.829881784772652
5099,6.3441568772918995
4304,5.603623505209213
4508,4.757191820709858
605,5.243476335559731
2962,5.504406222540079
4052,4.614090977069185
125,5.619953906794643
577,6.175298009464763
3061,5.404876627193046
3925,5.333691684077348
1620,5.957521633757293
4001,6.07124127495642
543,5.122115478555464
4920,5.147047517890946
268,6.305828328025509
4170,5.3314189558263445
4372,6.1090620275814205
1426,6.217449843426903
2365,4.898270418969764
2700,5.801138130511778
56,5.44730409757465
1190,4.503276610728895
3418,6.870888386940012
4829,6.127705757648728
4949,6.903300298662091
1388,5.492856527260806
662,6.60078315980637
3310,5.699406237593805
2990,5.809636765233241
4038,5.168699243273985
4816,5.6722696961588035
2232,5.647698435428299
1109,5.082052896403393
4128,5.488976793975217
1597,4.858909345089183
4307,5.070305331053443
659,6.7427111078602175
2599,5.166018276520727
1094,6.0313688837090424
3156,5.2680174444758485
1112,5.586140542428865
3543,5.910190259051521
4926,6.771421213742649
3033,5.579060866840804
1790,5.017222361831129
3333,5.161983301308548
4662,6.418205815825958
2172,5.6010204668630506
4250,5.778843068241839
220,5.065864169053475
204,5.923494224677883
377,5.500571126756136
1156,5.778843068241839
3629,5.043357592643675
3546,6.056474804840119
3386,5.07619636429068
2634,6.030803752300953
4771,5.870510256767663
3400,5.450339001269803
5182,4.862552336367684
5003,5.878441560736941
3740,5.33255596561342
1990,5.359463418533344
3291,5.961164625035794
3802,6.952169206089173
5341,5.248432975199659
1789,5.1360432802999325
3268,5.274059758931811
5081,4.812215522206091
1158,5.195120859508424
1737,5.734226002753033
3495,5.927263073360113
2745,5.717354436913025
332,5.691501058086692
2058,4.503276610728895
1206,5.934135952647875
1067,5.950808151111633
3356,5.686727779334034
1122,5.775200076963339
1697,6.873569027024577
1139,5.957521633757293
4828,5.585258319169174
4651,5.001523452288025
843,6.142475570323825
1520,6.53947895930255
4031,5.603623505209213
4847,6.548614532904927
5158,5.961164625035794
5101,5.892171753548842
3701,5.490918542158128
2817,5.504406222540079
1260,5.91273803113032
2467,4.9545512548683535
541,5.775200076963339
3075,5.62250818659974
1865,4.753143232183858
4802,4.947895656256617
2648,5.957521633757293
822,5.264374453197347
2053,6.337939240681029
2171,5.6010204668630506
2093,5.873822614880646
5054,4.860732499650698
3911,6.785605848734605
2672,6.24657138365044
4710,5.001523452288025
4288,6.197553403100025
45,4.503276610728895
784,5.290786552737125
4084,5.7500694122377585
4779,5.131885270151269
792,5.082052896403393
2762,4.769240159226032
65,5.682732568266745
4945,4.688198949222906
2822,5.472317907988579
1786,6.021717943062402
1560,6.636888164448486
215,5.692294394106087
1155,5.090773881908838
4759,6.1728488287156225
506,6.216980690239785
3180,6.542872243861531
3528,4.947895656256617
3793,6.620723684419411
4093,6.277964096058302
5021,5.560234672093021
879,5.264374453197347
5006,5.093664057331071
3605,6.157528538952787
5296,5.393180587429855
3696,5.163330102858927
2575,4.838632152650033
4735,5.818063781395121
2785,5.493824113209542
2493,5.2309761727955
2914,6.330426684479998
2509,5.4299301296385964
3457,6.025703146173365
437,5.073255185699864
5334,5.6690282022346326
2156,5.024980352642069
735,5.082052896403393
4295,5.450339001269803
5270,6.0863277679898
1575,5.81034173530121
1434,6.082577428742756
4309,5.07766371598463
1191,5.341605801133338
2330,6.053163543536463
4943,4.614090977069185
4096,5.393180587429855
1468,6.884220301771921
1802,4.9545512548683535
4661,5.477246454189728
5023,6.684458843148363
1675,5.122115478555464
4989,4.862552336367684
4795,6.800639759741789
1554,5.335959258745127
1219,5.704902914173707
3558,5.778843068241839
2865,5.043357592643675
513,5.704902914173707
1562,6.949240286568288
2608,5.058418118269396
4655,6.322857262299953
1425,4.661881640905533
4825,5.477246454189728
69,5.591417599529708
3657,4.769240159226032
2952,5.504406222540079
3087,5.86318421667559
4822,5.555699516927629
1668,6.4643245788495065
1686,4.878783531296267
3651,5.102284800374978
5275,5.233488736931383
3303,5.8551304818684935
4373,5.603623505209213
3938,5.818063781395121
3941,6.056474804840119
3072,5.404876627193046
4544,5.603623505209213
1002,6.108539151752514
100,5.440186629805785
448,5.585258319169174
3993,5.555699516927629
959,5.813859150113089
5244,6.135372547055579
4195,4.957862516172009
5252,5.451348592471155
5253,5.504406222540079
3458,5.333691684077348
4856,5.450339001269803
2533,5.852431424899328
1064,5.665776166848255
1744,4.34869180890654
3282,5.450339001269803
5178,5.043357592643675
1535,5.511082451438822
3177,6.629149385693496
3000,5.161983301308548
1028,5.923494224677883
3202,5.374831448761658
2783,4.588115490665924
4271,6.602699481057134
4401,6.223528889503285
1629,5.243476335559731
2534,5.814561150843919
3590,5.6044896810970615
5135,6.0863277679898
5319,5.493824113209542
3116,5.271647212526427
2958,6.055923688816249
4078,5.550230041123094
2774,5.870510256767663
3336,5.450339001269803
1265,6.307972870987669
921,6.215101873341405
3790,6.637504687279358
9,4.858909345089183
4499,5.778115530923462
3494,4.639408785053474
4258,5.599281335989923
2834,4.92082124449166
5203,4.862552336367684
1466,5.329141050513351
2457,6.067978629321604
2224,5.996882707637873
4392,6.297203867495663
3714,5.3130487492245955
2796,5.07619636429068
948,5.829190460859878
399,5.7627136863119555
3251,6.585318934108788
33,4.858909345089183
4106,6.611594075910585
3847,5.451348592471155
5018,5.052421098797022
764,4.503276610728895
5130,5.637698352093715
4236,5.926635917491328
4664,5.107990949951833
2478,5.629287873585119
882,6.003294854352707
3198,6.115315304863052
4869,6.131802025537244
3394,4.862552336367684
1830,6.156033397881838
4757,5.651009696731954
1037,6.131802025537244
2304,5.406988560396189
2153,6.2574459810737615
1614,5.957521633757293
772,5.250902112256581
999,5.990429179813099
1547,6.401957876181728
1860,5.353917092612788
4105,5.416437449594122
1672,6.242462726877651
2405,4.730578172191768
2531,5.303735527077928
4929,5.555699516927629
1410,5.474292242292297
221,5.6010204668630506
1189,4.755169575329091
1106,5.957521633757293
1936,4.858909345089183
2526,5.097983718475588
1892,5.526177077661307
2399,4.858909345089183
1998,6.5452407105413775
4647,5.161983301308548
1215,6.022288231073296
1646,4.858909345089183
3093,6.566969795440591
2596,4.634852968517614
3393,6.396874776282979
1266,6.298934720372607
325,6.05867623665929
6,6.064705303976634
871,5.329141050513351
1931,6.0739520383404075
4224,5.445275699313257
4265,5.892171753548842
1974,5.105141945175758
5094,6.403906055251051
2584,5.806811904597685
2462,5.446290412743803
1127,6.5452407105413775
445,6.2646305651888365
157,4.907004098938518
4200,6.495706775419101
2606,4.908741718837059
2732,5.942815486367597
2088,5.964190345952331
1229,5.264374453197347
2015,5.67469393977031
4592,5.163330102858927
2525,5.435071529139015
4162,6.277964096058302
1173,6.125651314193714
373,5.730416474336365
1787,5.721984074811767
1991,6.274425834958704
1305,4.9545512548683535
495,4.936140693025173
5256,4.957862516172009
729,6.2867553614694724
2208,6.281489881993711
3305,6.292428516549869
1344,6.563657437327609
4571,5.651009696731954
1602,5.541969324115728
3520,6.490008754304463
1386,5.296693244452515
1750,5.734226002753033
12,5.073255185699864
365,4.59763937217718
4191,6.611594075910585
2893,6.197074819697733
2483,4.755169575329091
5362,4.7117294466331
1579,4.908741718837059
2982,5.641877213168682
2716,4.964452325851065
350,5.485081949713676
257,5.500571126756136
1296,6.362986741865457
2664,4.755169575329091
1130,6.401957876181728
3900,4.7117294466331
761,5.474292242292297
5375,5.199024572988897
1941,5.082052896403393
2577,5.040318076625778
550,4.611757253722964
2703,5.27766770030801
4259,5.258273153001171
1884,5.27766770030801
3910,5.163330102858927
2549,5.424762159480154
2859,6.100663028076182
2065,5.296693244452515
4656,6.647317706839982
3188,5.6551334139158165
5150,5.987481933353168
4850,5.571035857210369
4385,6.410114845083697
3712,5.4226874699392935
604,4.998353877526746
380,5.571930711856212
2230,5.923494224677883
3959,6.321167359067201
2163,4.571227272637403
1473,6.15353651768325
1798,5.322276034993671
4899,5.124916600835175
4391,5.627597256107212
400,4.7752103262125365
4689,6.479597603004146
1418,6.15353651768325
1223,5.122115478555464
2775,4.939513377503813
1745,4.59763937217718
4403,4.967731017312763
1965,5.43609664455426
4412,5.960558380700767
2340,4.34869180890654
4446,4.957862516172009
4393,5.646038684009934
3529,6.321167359067201
3147,6.016570662610093
632,5.920342630515539
4811,5.248432975199659
1756,5.687524909707052
2245,5.418525133024606
3317,6.006195929784541
758,6.067978629321604
2643,5.50153128045448
4650,5.161983301308548
2860,5.944049292816526
376,6.150532008662951
1023,5.806811904597685
661,6.611594075910585
4549,5.6690282022346326
3631,5.5566081948638475
5257,5.382427795653593
1295,6.269985330326497
4395,5.421648508806874
3536,5.33255596561342
3970,5.2680174444758485
1237,6.6669587672965065
2968,4.769240159226032
4186,6.143486181829749
3854,5.609671039839059
2476,5.633501954831949
4870,5.393180587429855
2937,5.123517020480752
3097,5.1925098919677035
4697,5.392110496370011
4511,5.392110496370011
4426,6.055923688816249
603,4.908741718837059
4249,5.197725027646812
4384,5.977991945168319
4427,5.043357592643675
194,6.088464520939535
3297,5.525240309442921
3164,5.873822614880646
3785,5.495756480960596
4621,5.62250818659974
3077,5.018778782378787
1290,6.385044985329087
4472,5.10941241429921
1472,6.9381227585599765
933,5.264374453197347
2972,5.953865322554182
2209,6.139437593303748
716,5.825032450711214
3141,6.115315304863052
2845,5.934135952647875
1271,4.980739330825764
5328,6.056474804840119
4588,5.6551334139158165
2757,5.3314189558263445
4767,4.800676932649597
4514,5.2680174444758485
4685,6.277964096058302
3617,6.297636861657007
211,6.1855195635363005
918,4.9545512548683535
2779,6.241089414691111
3570,5.530847800771866
3113,6.115315304863052
544,4.92595384771818
2288,5.666590167707202
5084,5.044873893161639
5093,6.314804665279373
4789,5.001523452288025
606,4.998353877526746
1338,4.980739330825764
1241,5.264374453197347
1810,6.371868512000238
2550,4.858909345089183
91,4.9545512548683535
559,5.064379387785896
511,6.611594075910585
4338,4.9017730495209655
263,6.333772567986183
2621,4.634852968517614
2190,4.9545512548683535
2025,5.977395819964377
612,5.500571126756136
5095,5.775200076963339
2194,4.847900059580814
2666,5.776658866426998
4654,6.95396736346287
3193,5.084968350363517
3090,5.465376878634344
2951,5.555699516927629
2077,5.7500694122377585
849,5.664961502852079
1846,5.726592377897962
1301,5.113664724037741
4696,5.421648508806874
3904,4.862552336367684
3639,4.757191820709858
78,5.195120859508424
3129,5.1925098919677035
2954,6.197074819697733
2545,5.541969324115728
5242,5.504406222540079
470,5.5214844364831155
4092,6.202802758986168
1685,6.745757779653235
2441,5.290786552737125
2755,4.821730341847429
1071,4.648458620573392
1716,6.269985330326497
794,5.623358165401444
4791,5.7500694122377585
3730,4.757191820709858
3843,5.81034173530121
3672,5.504406222540079
4798,5.001523452288025
1500,4.528984967439102
609,4.998353877526746
5112,5.199024572988897
1161,4.787044783859539
2961,6.366225611093601
1543,5.973811586736561
4115,6.10119003731104
902,5.270438753164859
4552,5.26680458805064
2033,5.950808151111633
2704,6.399224033432354
3552,4.9104763246492675
201,6.362986741865457
458,5.771543765760228
1057,5.329141050513351
130,6.23234769810754
2197,4.427564788993198
4375,5.9933677655304285
4042,6.32790990462803
3931,5.938485136266377
2728,5.776658866426998
3432,5.363878436742461
2998,5.3130487492245955
4447,5.6044896810970615
1528,4.696819692266813
1335,5.814561150843919
2515,5.359463418533344
4612,5.450339001269803
4730,5.951420333561116
3168,5.253365167688978
4286,5.818063781395121
300,5.806811904597685
1486,5.8671868904652476
499,5.775200076963339
1853,5.833331253525909
2782,5.983933733297071
863,4.998353877526746
1497,6.172358271923838
1723,5.996882707637873
222,4.858909345089183
5353,6.160015483780959
1875,6.501725557971684
866,5.09654590370596
1552,5.990429179813099
5291,5.445275699313257
3870,5.301393605632847
2204,5.489948139364849
566,6.242462726877651
2332,5.713479964805466
340,4.956208256075983
1133,6.034189760050684
5211,4.862552336367684
3859,6.632561828899443
4257,5.892171753548842
1020,4.611757253722964
1423,4.936140693025173
2100,5.329141050513351
3706,5.0031044802853435
1421,6.085792865596731
4962,5.363878436742461
4620,5.137425450526884
4486,4.860732499650698
1435,5.734226002753033
535,4.840492618302952
441,5.754550375672795
4578,5.757526568345841
4075,5.410148120686558
3023,5.977395819964377
4738,6.157030406937506
4782,4.957862516172009
5063,5.859836372905906
4183,6.8404140852296
4108,5.168699243273985
3306,4.9017730495209655
1625,5.960558380700767
4074,6.049841281344485
5226,5.439165700671678
1883,6.853411018992622
3755,6.153036392641567
4006,6.3437435687511945
2014,4.634852968517614
3500,5.009403713713331
3480,5.004683012578393
1777,6.293733148176534
3945,5.427866145417744
1184,4.858909345089183
1755,5.775929737703482
296,6.333772567986183
5263,6.170885156017863
1175,6.257896533007493
1576,5.88500326407023
3948,5.651009696731954
3930,5.870510256767663
2626,6.340430936322338
671,5.359463418533344
1035,6.021717943062402
4751,5.161983301308548
4278,4.812215522206091
4148,6.417053963135733
2000,5.576393012879611
1143,6.358516098369789
1332,4.908741718837059
5126,5.555699516927629
3236,5.75901134961342
3288,6.747691749036245
1211,5.712703265737295
1829,4.696819692266813
651,5.957521633757293
3207,5.937864981207741
3248,5.679524867039976
1004,4.634852968517614
1996,5.3280001490775595
4917,5.374831448761658
3007,6.068523143356293
5181,5.991017588185475
426,4.730578172191768
1114,5.551143700391769
5017,5.75901134961342
185,5.27766770030801
1722,6.340430936322338
4354,4.967731017312763
436,6.395698074833222
4978,6.223994981331812
2202,6.650364631805387
2823,5.651009696731954
179,5.552056525649128
645,4.998353877526746
4137,5.603623505209213
560,5.669839561305512
3121,5.472317907988579
4902,5.161983301308548
4015,6.491436306295649
2451,5.669839561305512
1782,5.120711969553144
3049,6.197074819697733
582,4.634852968517614
777,6.230034488655975
1589,5.775200076963339
3360,5.694670632847971
3187,5.07766371598463
2069,6.544902701411913
3060,5.124916600835175
1187,5.122115478555464
3453,5.393180587429855
5234,5.961164625035794
3886,5.628442922119555
4889,4.688198949222906
2485,5.446290412743803
3758,6.418589472074669
4481,5.694670632847971
1903,6.628527688440025
618,6.0739520383404075
3002,5.3985139334052175
1701,5.869846466501007
5339,5.5566081948638475
602,4.869798744888452
2175,5.264374453197347
4035,5.1925098919677035
3880,5.31997718340656
892,5.073255185699864
1747,5.669839561305512
2313,6.294167647422996
67,5.682732568266745
2653,6.168425130177001
3190,5.641877213168682
1222,6.478153037928093
4255,5.773739156323663
1743,6.025134802878726
2331,4.956208256075983
2723,6.58823675105975
3876,4.686032101137816
3838,5.4226874699392935
24,6.288941154689453
1485,5.8671868904652476
4796,6.800639759741789
4464,5.960558380700767
4007,5.677112320634592
1387,4.838632152650033
3762,6.281049837982209
4884,5.028066774845257
121,6.647012503114127
2994,6.7416009217900426
1524,5.015663515061838
4467,4.9122079268135455
4872,5.594920230080911
4873,6.341260123766199
1634,4.806462869716641
4542,5.124916600835175
2347,5.638535522506778
2306,5.27766770030801
4673,4.800676932649597
2045,5.484105863740621
169,5.243476335559731
4599,5.393180587429855
1385,5.468357506772482
3196,6.07124127495642
4866,5.53549680961011
810,5.86318421667559
3299,6.2004201035821005
5284,5.695461459302789
3437,6.549287933603775
1340,6.2141611394996845
3601,6.143486181829749
3808,6.393340509890567
4928,4.664101397643846
4844,4.7791707274286335
7,5.500571126756136
261,6.395698074833222
95,5.586140542428865
4538,6.306686697176925
1635,5.015663515061838
5209,5.7708108965445755
1136,5.264374453197347
2818,6.170885156017863
4416,6.151534515012577
5198,6.3441568772918995
1611,5.552056525649128
423,6.203754233843868
2906,5.052421098797022
3814,5.742556228886976
3669,5.75901134961342
4994,5.961164625035794
1092,6.111672313584551
4761,4.74703944924584
1379,4.696819692266813
3035,5.551143700391769
2062,4.444278269966938
1862,6.214631617043061
790,4.755169575329091
2303,5.359463418533344
46,5.359463418533344
2844,5.369369938736136
4845,6.137915136780293
3525,5.163330102858927
4355,6.080428045862612
672,6.3597373482671475
2570,5.041838989466485
2833,5.028066774845257
2180,5.888268040068369
3405,5.093664057331071
5192,5.405933151327246
2663,6.168425130177001
3998,5.450339001269803
3122,5.1925098919677035
4576,5.685930013037236
2324,5.791130899035532
1289,5.120711969553144
3690,4.853419852804412
455,4.755169575329091
50,5.775200076963339
401,6.150532008662951
4875,5.664146174637325
3172,5.450339001269803
3064,6.009666147263548
1218,6.333354944259086
539,6.766828472993731
3735,5.926635917491328
485,6.20137384709741
84,6.150532008662951
4880,6.217918776612518
2143,6.4105016174729705
4619,5.184635835536797
3968,6.789848761490656
3385,5.2397426660076825
3623,4.882354963663864
2667,4.956208256075983
644,4.847900059580814
888,5.552056525649128
2573,5.359463418533344
1773,5.2655902588182375
1523,6.196116965218368
5052,5.855804109377968
3358,5.836768864336372
3161,5.044873893161639
3764,5.738021073721584
355,5.852431424899328
2519,6.294167647422996
3752,5.555699516927629
2884,5.550230041123094
4626,5.519601196755151
2355,5.692294394106087
1952,6.112193554148868
3612,5.632660558063758
337,5.151143086755683
2134,6.175298009464763
3018,5.439165700671678
5105,6.9609048423332185
2801,5.829881784772652
2392,6.2623909225953325
408,4.9545512548683535
97,5.888268040068369
5201,5.53549680961011
5206,5.987481933353168
2759,5.044873893161639
1518,5.484105863740621
4044,5.183317443783539
1459,4.503276610728895
2869,5.472317907988579
4510,5.964190345952331
1406,4.917384814993079
3953,5.428898670031934
319,4.908741718837059
1759,5.475277949617055
1491,5.8671868904652476
4496,5.738021073721584
689,5.738778362663493
2211,5.552968518416398
146,5.552056525649128
824,4.7752103262125365
656,5.500571126756136
4419,5.393180587429855
281,5.906356388540799
1498,4.670731256182516
3923,4.957862516172009
5083,6.8016863323124594
2170,4.755169575329091
1710,5.058418118269396
3743,5.8551304818684935
5195,6.501725557971684
4454,6.890222000257679
4037,6.049841281344485
3954,6.236498038397597
2110,5.476262686279595
936,4.970998994077379
3454,5.451348592471155
5233,5.363878436742461
762,5.6010204668630506
1848,4.516213401759614
2778,5.043357592643675
3707,5.0031044802853435
3554,5.037269293776419
3681,6.168425130177001
3841,5.282458128630643
614,6.5814152206283145
2595,5.1360432802999325
2426,4.672931477092118
2178,6.621663386916126
368,5.040318076625778
3011,6.718566195462753
4942,5.287225718114116
4013,5.3314189558263445
592,5.829190460859878
1008,6.05867623665929
3547,4.757191820709858
1874,5.446290412743803
1763,5.04940904832703
5248,5.499610050276586
986,5.973811586736561
3824,5.124916600835175
2693,5.50249051314194
2092,5.07766371598463
4848,5.704119522045903
3995,5.504406222540079
2882,5.551143700391769
451,5.88500326407023
692,5.152504557354004
3487,5.06140319511285
366,6.362986741865457
5151,5.044873893161639
1989,4.9545512548683535
2563,6.544902701411913
895,5.895413247473013
3719,5.184635835536797
5141,5.070305331053443
540,5.474292242292297
775,5.870510256767663
1394,5.296693244452515
1624,5.806811904597685
483,5.591417599529708
334,5.717354436913025
3940,5.525240309442921
2850,5.575502144223809
3325,5.2680174444758485
2743,5.233488736931383
680,5.859836372905906
4280,4.949563713357314
877,6.003294854352707
4540,5.10085316090354
1420,5.775200076963339
1451,5.082052896403393
3756,5.873822614880646
4707,5.001523452288025
4665,5.915913645104206
1315,6.1937183073160815
529,6.668453759352494
3780,5.124916600835175
532,4.611757253722964
1754,6.2623909225953325
3795,6.418589472074669
2412,6.021717943062402
1424,6.134353698266476
3359,5.686727779334034
3100,5.176699285941061
2112,4.503276610728895
4700,6.812092253473576
1113,5.950808151111633
4581,6.6200967251512255
4103,5.892171753548842
2387,4.755169575329091
766,5.552056525649128
2009,4.908741718837059
3684,4.812215522206091
1134,5.418525133024606
3271,6.544902701411913
1771,5.806811904597685
1897,6.416669717213618
4213,5.818063781395121
3387,6.055923688816249
5239,6.228643990170055
631,6.526822727427179
3174,6.710577565246203
907,6.628527688440025
2336,5.888268040068369
55,4.858909345089183
4799,5.809636765233241
1619,5.296693244452515
2270,6.15353651768325
4201,5.043357592643675
1494,5.806811904597685
1599,5.957521633757293
1407,6.427373183312978
4207,5.191201847307688
838,5.980372898674061
5326,5.2680174444758485
1207,6.139944564163783
3296,5.892171753548842
2116,6.668453759352494
3514,4.677317449035372
3143,5.599281335989923
2078,5.458387334452632
2229,6.214631617043061
2177,5.122115478555464
1255,5.3280001490775595
1170,6.111672313584551
1131,5.61568222152934
997,5.0234335619237696
4073,6.514701366894834
3391,5.8551304818684935
4024,6.9164429426580485
72,5.591417599529708
2198,6.340430936322338
4797,6.025134802878726
4903,5.168699243273985
4267,5.3314189558263445
4316,5.124916600835175
876,4.707492152157585
480,4.490170263223594
1124,6.279728542921009
1244,5.786811237891016
3208,5.977991945168319
3559,5.31997718340656
4682,5.001523452288025
1027,5.058418118269396
1979,4.648458620573392
944,4.444278269966938
2582,4.528984967439102
4935,6.22306258033186
1087,6.936981336223976
4303,5.393180587429855
3883,5.124916600835175
874,6.917840892559523
82,5.551143700391769
1349,5.5158240440114055
5302,5.280065782992023
5007,5.5566081948638475
3991,6.904480796969412
638,4.998353877526746
2333,4.9545512548683535
3981,6.0437216516760435
5155,4.882354963663864
2099,5.237245785809096
2589,4.753143232183858
4957,5.253365167688978
2216,5.806811904597685
4456,5.599281335989923
770,5.237245785809096
4233,5.306071976738948
71,5.591417599529708
564,5.040318076625778
538,5.341605801133338
2669,5.017222361831129
4231,5.560234672093021
5071,5.4226874699392935
3244,5.9057159786566
4371,5.944049292816526
3654,6.3441568772918995
3513,4.9017730495209655
4334,5.450339001269803
35,5.775200076963339
2505,5.446290412743803
1090,5.229717519388303
99,5.495756480960596
3862,5.580835490199172
4539,5.940343297222208
897,5.310728562568898
3258,5.1925098919677035
2746,5.450339001269803
5357,5.163330102858927
2335,5.646868904065923
2806,5.765665717976037
1608,6.276638714817233
4768,6.079889977514951
2708,5.159284244339383
4862,5.043357592643675
4515,5.2680174444758485
4973,5.163330102858927
1351,4.970998994077379
778,6.864523616371526
2262,4.898270418969764
3693,5.086422896074511
4721,5.685930013037236
3822,5.326857944498782
2819,5.721213955405203
496,4.858909345089183
4049,4.664101397643846
5104,5.369369938736136
226,5.082052896403393
1210,5.155221950330504
4085,6.733794916164578
349,5.552056525649128
2102,4.503276610728895
3721,5.738021073721584
4801,5.043357592643675
771,4.7652401538926865
3184,5.926635917491328
4560,6.306686697176925
1932,5.040318076625778
3081,6.585318934108788
3632,5.545649181074128
4021,6.055923688816249
2872,5.421648508806874
318,6.886865487876027
2030,4.7652401538926865
1006,6.037564341430829
308,5.526177077661307
3352,6.0863277679898
2434,5.243476335559731
630,4.998353877526746
3625,4.957862516172009
1391,5.334826114147959
536,4.849743378075103
209,5.322276034993671
259,5.195120859508424
3434,4.351726712601693
914,5.329141050513351
3368,4.812215522206091
4931,5.233488736931383
2855,5.694670632847971
1670,6.829028763004475
158,5.716580742483715
2200,5.775200076963339
225,4.936140693025173
1365,6.028540027508565
4482,6.025703146173365
1390,6.706846753055396
2981,5.248432975199659
5001,6.223994981331812
2946,5.6044896810970615
1288,4.917384814993079
2358,4.838632152650033
155,5.1360432802999325
472,6.491792876097964
3128,5.362776508256304
4439,6.863786606142858
2435,6.082577428742756
3225,6.491436306295649
2713,6.546591605714733
1901,6.046507944924727
1684,6.1363903588482795
58,5.552056525649128
2553,5.673886511385709
2265,4.755169575329091
3916,5.8671868904652476
2379,5.166018276520727
3456,4.967731017312763
4512,5.043357592643675
3149,5.967206939491756
5062,6.443590774280087
3974,5.199024572988897
1888,5.389966872826759
4266,5.306071976738948
2182,4.5589872177429
2472,5.144307790149826
1478,5.270438753164859
1805,6.139437593303748
696,4.934450075547266
2083,5.360569001841094
916,4.858909345089183
4706,5.001523452288025
